Date,SMA_AAPL,Volatility_AAPL,SMA_TSLA,Volatility_TSLA,SMA_GOOGL,Volatility_GOOGL,SMA_MSFT,Volatility_MSFT,Prediction_AAPL,Prediction_TSLA,Prediction_GOOGL,Prediction_MSFT
2025-03-01,307.61005804312055,22.98437015543942,241.41351495975675,5.936814133849481,175.85644525028582,5.921122548372751,26123593.769135952,5023129.639649802,317.92763245322305,240.6735830156622,177.26905325694432,27729350.512746133
2025-03-02,306.0394528027765,22.61755427964533,239.60772911159827,5.960736737488346,175.96169685871453,5.88268213798101,25979786.360539,5042265.29470109,316.18547699510475,238.94007161459834,177.35365089491043,27536623.659493543
2025-03-03,304.59335310134287,22.903375002106884,240.98876317875667,5.961612208247178,177.63653729120003,5.940128057168432,26394840.272046562,4976282.646486872,315.01205384752933,240.2617540508005,178.98030041353107,28096806.490537852
2025-03-04,308.90890365796946,22.81890242410733,238.2906492552734,5.988925705527264,178.30877461215172,5.941292919393237,26079674.370063853,4959184.163867945,319.044583572976,237.6734219706611,179.624018909665,27696051.978429236
2025-03-05,304.2899155707726,22.86513053274564,241.2702413419955,5.948523469436923,175.5228544707289,5.889822850721773,26036833.990042098,4968879.366590012,314.6980029282307,240.53395705612422,176.9367376217289,27637175.35920286
2025-03-06,304.40972958409014,22.649870907119208,241.20202736351786,5.962992459519425,177.53266531371352,5.923734343529027,26366715.88167289,5036238.7314127935,314.66292126259066,240.4655881424879,178.87403906730768,28038526.141962174
2025-03-07,307.4457994488908,23.001046945464193,242.52006008527906,5.916466897599234,178.91072057264813,5.9474917332499135,26169138.37844191,4967989.07418267,317.7834427433076,241.73704972331262,180.2025891101702,27808364.253110014
2025-03-08,309.022971067218,22.641814988305484,239.41878131756494,5.977163549857837,176.4572547571831,5.955984312849142,26414459.35590731,5048365.756593894,319.0304161015104,238.7557248943,177.85855016204954,28095742.209670983
2025-03-09,305.3613279398088,22.97931643040674,240.32568698135475,5.914782783497436,176.0245017526467,5.871698088662234,26299177.77976972,5007599.432936582,315.79248987487136,239.6370448184249,177.40914177280789,27961794.325363595
2025-03-10,308.8412133486567,22.69517141760637,241.26595418067274,5.91132756017101,177.48378997721363,5.88178032287746,26131782.640576135,4970695.085545623,318.89496919606427,240.53776452418683,178.80968761159858,27759130.56019085
2025-03-11,303.97394951718513,22.869380838601653,242.32699592593963,5.99227169145404,178.1656770556762,5.89395171231654,25968198.274289347,4992542.878739254,314.4014225425763,241.53613426329446,179.46725288059312,27539869.661648445
2025-03-12,304.28718024923177,22.802584455829393,241.89164888610193,5.969918212391963,178.9177927872893,5.898789894920089,26181672.747513592,5024609.4192662705,314.65221587201074,241.12419231935863,180.18894270735444,27803813.886376165
2025-03-13,304.11354434915546,22.765572132733844,241.07257523202486,5.97976325886608,176.98635148041748,5.952185056821405,26336793.31075792,4981558.40821867,314.4620595235154,240.3381150468603,178.36322386754017,28019910.186321206
2025-03-14,305.0267511188444,22.94012900970152,238.93878661461622,5.964955396975918,175.88598647040078,5.887829524741504,25949518.06929285,5029315.568752746,315.4482696978787,238.29889031073418,177.28336494929337,27502277.015796572
2025-03-15,306.93303556374366,22.725131241381277,241.4226324808005,5.887440078511899,177.44355682259706,5.8564685213958265,26215023.951167714,4964490.146168563,317.1068287202788,240.69281098317506,178.76058103908315,27868904.105504245
2025-03-16,308.53988896827525,22.61335518927378,239.79055460258994,5.984894326606802,178.74596687569374,5.961219751015164,26401924.5679395,4956653.225992603,318.55283087303576,239.10992668163306,180.05069866452374,28113144.86851103
2025-03-17,305.804226652801,22.792769314031435,240.45164547160084,5.928339325679446,177.75026602513356,5.861820468137585,25981210.636694398,4991238.0171548,316.08350064474246,239.7547238158852,179.05629899885892,27557152.228694297
2025-03-18,308.5283369200735,22.797103058253693,242.1084489188156,5.948935947083114,177.93320384710222,5.925794728868114,25896882.94934464,4992228.8672571,318.6687760346943,241.33616691975897,179.25815795391225,27447885.403726216
2025-03-19,305.09676700012847,22.800144915369764,240.07527686927605,5.981449295474984,176.43667821301102,5.853545967126389,26202847.021801792,5042877.88626073,315.41796765594785,239.38318374961455,177.7959243056041,27824468.140345383
2025-03-20,306.8684212280092,22.642149954232934,241.55977477339744,5.903298968943696,176.9025804008393,5.90927781817678,26003442.8064072,4983290.9552398,316.9882718122657,240.8207049814307,178.26508287925222,27588774.36484852
2025-03-21,305.96576565890626,22.85191627789339,238.85049316459492,5.926975979453147,177.1285337417866,5.929392597226715,26336156.895366006,5003197.449443242,316.2774760316259,238.22245707648887,178.4897174614934,28011162.799517587
2025-03-22,308.9491251199825,22.98700145966848,237.94450761533136,5.955971730909381,178.18154612699863,5.941874217233037,26223112.608219016,4984300.321487625,319.1987996743692,237.34911829440261,179.502523992771,27872094.441129368
2025-03-23,308.71728650139255,22.777016608257846,238.6071509194016,5.888578329187989,177.85126075323925,5.929481550267786,26202843.20760336,4987623.876986996,318.8340165214614,237.99770650576068,179.18129604611084,27844700.49951431
2025-03-24,307.8531812867855,22.79507604404167,241.05125340136777,5.913835735646542,177.31340615215157,5.914978009058256,25936443.229878955,4982218.645489002,318.0273717726551,240.33172837892053,178.6605707198745,27502641.358873576
2025-03-25,307.40829723461087,22.71989617319329,240.0533747208401,5.98724034736056,177.80691502160565,5.943674318690514,26216751.355026424,4989658.022077518,317.55373110125583,239.36098825787974,179.14481275619306,27861916.975049227
2025-03-26,308.1087757974426,22.811404870851685,240.36538245254232,5.9236853026511795,176.36730055195943,5.958565792708048,25947664.691626694,5020131.881265473,318.28093568369746,239.67314625987703,177.7735595171788,27503247.10415376
2025-03-27,303.69454362007997,22.762156562987023,238.72602570181826,5.943933262224623,176.14821083640072,5.950897490389338,26228865.81165955,4962809.572422267,314.06251481501937,238.0997154374185,177.56070935450649,27887395.525289208
2025-03-28,304.18817648149655,22.741658871353366,241.46197503218286,5.912447987734806,178.51155389888882,5.886968257634472,26199129.131342374,4962090.734907963,314.5162915859445,240.7251492714095,179.7952779925038,27849255.749282412
2025-03-29,303.88890448361957,22.930910703616917,240.8954957775369,5.92458561694449,177.36509236830238,5.8532569846922,26309994.460470784,4957111.74720203,314.3632976364276,240.18035730583955,178.68415620986778,27994254.965285838
2025-03-30,305.73767696391286,22.62195240593664,241.2772601971848,5.908194046754054,178.29225027941916,5.952968454296259,26396021.477594603,5027866.40141242,315.90245011092327,240.54925262216597,179.61310142137378,28079438.92255959
2025-03-31,306.7920882989975,22.693086637693767,240.7439465698649,5.955195264752074,177.84837643423526,5.881717966739235,25938980.265818104,4990881.157279535,316.95108980309595,240.02879050703814,179.15851600559654,27502745.057633385
2025-04-01,303.8811244967956,22.850021961464396,239.41683019793405,5.944256615123741,176.63609199713244,5.938141573184631,26407286.156435136,5012303.772294803,314.30006116635894,238.76085613004102,178.0221917529506,28099686.503369663
2025-04-02,307.2824378118138,22.781128130033004,239.01599364291013,5.914985228954794,178.71285325452212,5.864499757285487,26383700.266780496,5026690.738623752,317.4767110267682,238.3834175191086,179.9784735627619,28063957.449108135
2025-04-03,307.7900092391018,22.6757753582574,241.63691453211837,5.913450629187236,178.18764651653947,5.940651898252404,25974154.85459878,5009445.530797713,317.8850999862633,240.89238087284826,179.50784881326172,27541371.460857317
2025-04-04,308.03002926387427,22.777196275067503,239.34828599905674,5.956455520987737,178.1361617078385,5.903876524379001,26184119.247520972,5020450.886971562,318.1826646394116,238.69265395288494,179.44317112204612,27808496.488020595
2025-04-05,303.13760997974606,22.744994673420244,239.94830384171547,5.933180409049696,177.84914355683694,5.8561336804468125,26187411.488974273,4967894.636533234,313.52272534765325,239.27191642678116,179.14852633357535,27831997.417468462
2025-04-06,306.8348763208891,23.00693513074659,238.47082810752394,5.954252638676541,177.29382830598075,5.940351759507797,25960957.762698174,5016021.8170178,317.20839300780966,237.85325610274555,178.65247310569342,27521919.619895924
2025-04-07,309.0877838653695,22.898489178141745,242.0187618452647,5.924683285498008,178.60245402735694,5.886998783652933,26360738.106734615,4995536.154115927,319.26911297297636,241.25548031034234,179.88226857028766,28045713.910960138
2025-04-08,303.2731039274621,22.990955415809623,239.31288435703698,5.975041148002101,178.72213311626436,5.873972583308341,26376034.88401866,5004054.85343737,313.82102475692074,238.65481610795186,179.9913235476467,28062348.687686797
2025-04-09,308.3606037378193,22.725879072809423,239.46853809995494,5.962639366429785,177.9989487085348,5.934852491025956,26020673.23872302,5010954.546465128,318.4605886071096,238.80643908268766,179.32486249587788,27600894.344407193
2025-04-10,305.0734765401724,22.809300425063398,238.51684504636376,5.903297964333123,178.16251443352485,5.958192557175153,25996078.750627972,4993716.633909311,315.40221255713305,237.9081388371476,179.49115337542264,27575445.64894277
2025-04-11,308.71966870308916,22.759884929525125,239.67231060531867,5.926065646240061,177.68221226051114,5.852663682308399,26025685.84836648,5029129.209204354,318.8244436069833,239.00926032063023,178.98734367708212,27600711.179214206
2025-04-12,306.00224507530953,22.74812433721594,237.94335520845186,5.934380763585113,178.04022680908744,5.956585999415254,26306272.58698086,5009721.935570138,316.24037776357295,237.35260730377865,179.37346907775907,27970179.437761053
2025-04-13,304.7424972135257,22.783721310336425,241.91719048100632,5.892657226036301,177.13363377938362,5.912335002935566,25959199.09206173,4959904.020935246,315.07080043307013,241.1650718244273,178.48744771510246,27540202.06188234
2025-04-14,305.22201311731885,22.881633003172308,239.3536796785605,5.968644751771399,176.07322841863964,5.874781998733158,26275334.46590811,5012323.333081317,315.59296842034684,238.69522410963103,177.4570585060769,27929272.01003485
2025-04-15,307.47517590182224,22.687064857153217,239.55819504069274,5.878288886440823,176.57008761738268,5.927306584278534,26077286.07890209,4997072.200944241,317.5944545903758,238.9101949617387,177.95449396355284,27679090.811023388
2025-04-16,305.62934534554637,22.99362288014599,241.8929832605651,5.985436625433915,175.73871753874508,5.897515347000641,26290087.146985326,4994693.442830762,316.05643324892054,241.1221690147719,177.14651050781947,27954781.280128326
2025-04-17,303.18551207217047,22.706272978626465,239.9215272276987,5.93098184518171,178.86509921896592,5.935624465862021,26100947.74888706,5020575.4587796135,313.54139237696603,239.24675455895877,180.1539621369811,27701040.090562206
2025-04-18,308.20669749115956,22.648899271840598,241.7702073720616,5.920735511060998,177.9204757464266,5.848058219878305,26209678.20730394,5014241.4087743405,318.2615332810745,241.01841388574394,179.21339569331897,27843778.558923047
2025-04-19,305.66463004656157,23.035892920687967,238.37142189824667,5.926128182720599,175.8431002194437,5.9253950998189175,26215028.431440677,4972605.635353717,316.11907246351814,237.76409020630413,177.2580749115003,27865937.519545745
2025-04-20,308.42185497735693,22.969692957198067,242.16906058604528,5.933682313030552,178.4647686430827,5.922864619485693,26292026.24976951,5041472.973167704,318.687028057476,241.39742609673917,179.76555753883267,27940152.07995983
2025-04-21,309.2021093146464,22.633309832537442,239.1213172255335,5.906398275844225,175.47296564548975,5.948974856140574,26123618.5688882,5049140.337095896,319.1943540799596,238.4860551964655,176.91379515685514,27719855.884840507
2025-04-22,306.7870125087306,22.7336844296827,238.3039790170726,5.930475617002795,178.30110364813845,5.8456399092218465,26350685.869126,5042660.669460726,316.9743149999875,237.69861204441824,179.57658584077004,28015472.2931636
2025-04-23,307.96856657129507,22.63456819988984,241.72509203633234,5.904279809312562,176.9162080727203,5.927925627223068,26143590.41396379,5052503.855971425,318.02590338246563,240.9787312127053,178.28593877437072,27744416.350151137
2025-04-24,307.7353742989215,22.610545134256963,239.86553845391023,5.877921312225332,178.5734239392386,5.855109236937941,26418541.14792417,5000557.041781258,317.78826174241624,239.20444952992813,179.84112457920813,28118523.965897758
2025-04-25,308.061656296465,23.000512345653732,241.05661741966628,5.990619838151912,177.4575401894896,5.875140203097295,26298337.823546447,5026253.938016528,318.3668665009795,240.32053187271592,178.78178728721363,27953877.191937674
2025-04-26,303.37696894393423,22.922099726792418,240.8075643110095,5.878164787162468,176.8964292443741,5.884056644994761,26033100.687440496,5031200.723150524,313.871930611045,240.1060658974985,178.24862565172214,27609528.267754104
2025-04-27,305.3460789515823,22.81922979932386,241.91674826192406,5.926068973524695,177.4863950522598,5.915547563560675,26029741.248319414,4962133.611571624,315.6674794275634,241.1575424185395,178.82633386875864,27630486.222617026
2025-04-28,306.31663888558984,22.808223725661946,239.3785081288092,5.993129178582695,176.2880368099564,5.862258479028714,25924888.465447195,5025033.851186778,316.57990748226916,238.7137814372866,177.65734865040613,27472037.645931978
2025-04-29,304.8502358961922,22.688976145533346,238.76840195580962,5.895159089450998,176.5703744530804,5.861914408719358,25966800.707617875,4976820.56801336,315.1074990755871,238.15064970199543,177.9273591905717,27543823.231717035
2025-04-30,307.92061608442083,22.65550409911369,238.3682602807366,5.959028424744636,177.73505810543483,5.895107224276883,26197314.96918415,4977720.312052402,317.9949076575316,237.75406669366814,179.0556994971692,27841188.397470105
2025-05-01,304.67170759716566,22.911875630122402,237.94752580986292,5.965185260475478,175.9287074302056,5.918400460053252,26319813.207897034,5021040.185535534,315.0921994142945,237.3500476182459,177.33705635215495,27983520.887765434
2025-05-02,306.45691210609596,22.95678789586728,238.7351224022874,5.880905456090536,178.67695639803992,5.858964031166192,26108931.701972656,4993256.587613722,316.8154755359608,238.12182740576472,179.94180534949834,27721356.65080847
2025-05-03,303.58833506580504,22.979957822871327,240.62484023020644,5.973646646083932,178.61682242080207,5.950518662462441,26049542.476738762,4976795.027043216,314.1122488322444,239.9108625427459,179.9226414223573,27650688.389524873
2025-05-04,304.63993326825397,22.71261136716658,239.27048935792175,5.971742556906073,177.88527262498903,5.961113282770006,26318376.162314236,5004202.716177544,314.9244680364361,238.61493892630713,179.22709879334812,27987831.910319503
2025-05-05,304.89707672660177,22.92138753463268,238.7051185129182,5.898217153674651,176.1235957647196,5.941287343549533,26261013.11366216,4971510.537304517,315.3124038472129,238.0894270101516,177.53312831663052,27925724.940980766
2025-05-06,306.2252176875325,22.654170940496503,241.59637827634756,5.984566409909745,178.02121257953704,5.859853274658608,26139965.335801743,4980193.248978133,316.3868576030402,240.8384560838801,179.3147296418386,27766219.208645377
2025-05-07,305.96318911943933,22.9430447810956,238.9258150261307,5.973720133061154,175.8230506651165,5.89044117418022,25952284.735041503,5006102.200882649,316.33796672673975,238.28461032727904,177.22423950449442,27514352.098769713
2025-05-08,306.33469764279107,22.88184320830165,242.22936635846412,5.93253612709762,176.03443221306853,5.915750728853787,26208230.663521282,5019753.988196252,316.6478674397231,241.4553920604467,177.43710846568788,27839890.114450406
2025-05-09,304.6163860133315,22.94782827956714,241.7246221990078,5.976914179536975,178.14583241066762,5.948743512974427,26242771.474181615,5000411.696176637,315.0645868860908,240.96283336158737,179.4712306012835,27891581.695065796
2025-05-10,303.3846978602365,22.878180983775934,240.8971577066903,5.980861292038946,178.39124925865667,5.882197973907344,25905228.800935395,4962945.285823606,313.84892696864466,240.16997912017302,179.67816503252334,27469388.926243737
2025-05-11,303.6657078194747,22.916285868292977,241.60721430790045,5.882531367116064,176.58683506611442,5.933196888115199,25941351.274430443,5025101.264323391,314.14162158608104,240.87052906902878,177.97298768889888,27493273.640100047
2025-05-12,305.8052565234998,22.947857168344665,238.00919185587213,5.985541879551551,175.62505781847483,5.874021756366305,26359112.57539614,5030662.612040337,316.1915801356619,237.40474228466954,177.02790783602728,28030749.253564432
2025-05-13,308.91947803368487,22.7757195567815,238.43966585724553,5.993478022869914,178.10730257512031,5.949344582048145,26148815.42273828,5020776.131461392,319.02478543803045,237.8150862893821,179.43461526936449,27762784.68968763
2025-05-14,304.6611930435625,22.59735229139182,237.85149056711873,5.878275740307385,177.087246047429,5.932778393787844,26061115.46697236,4997424.472120791,314.86502334936057,237.27661089287395,178.45163049536947,27658078.45780767
2025-05-15,306.96938773610947,22.7338530963258,241.8093668849903,5.893935589577325,177.53393703230088,5.935202869341882,25970943.877159644,5003703.994636272,317.14731154619824,241.06159565518743,178.8800629615291,27539327.57496509
2025-05-16,303.56316927369244,22.983640603092297,242.22196311317768,5.946221190925454,177.48106028729535,5.85017505005971,26228326.81015661,5049506.415578048,314.0909365866432,241.44539539135675,178.7938283088857,27854945.928945422
2025-05-17,305.83357547452766,22.73700676609614,241.24285891393183,5.884459202657917,176.5789247770089,5.871580631416692,26027586.91159259,5029206.632213718,316.0728119929967,240.52137315109164,177.9395921797566,27603137.926205188
2025-05-18,303.95242155190556,22.868862066310502,239.2461328984283,5.977276052763555,178.59482293402536,5.9448325904128385,25900889.63490155,4956682.264381433,314.380657143993,238.5904490475898,179.89920788877654,27466079.054311007
2025-05-19,304.7649872102983,22.70031311145231,239.47152455369744,5.923639440423318,178.02543572708268,5.899115216611486,26350427.84723796,5007911.920501449,315.0345180440302,238.81759223881213,179.33522726412826,28027866.12039641
2025-05-20,303.86653513567717,22.64684958949713,242.23007384616227,5.9094931232714805,176.43159858856578,5.935852211464097,26144408.080798283,5050570.7226869725,314.14592111102525,241.46097010832244,177.82556265707933,27746180.343264434
2025-05-21,308.9311548449974,22.604427607980792,240.36211921534726,5.944897602138841,176.8806661279257,5.961449552048141,25904206.1821616,5028822.015474575,318.9175605675381,239.66551131525375,178.26598207154632,27443940.325047694
2025-05-22,305.44581856997223,22.66747275572404,239.40694181740614,5.914884641145985,177.78742574840123,5.863757309010551,25977319.162583616,4970602.716961178,315.65722322376627,238.75763831993015,179.09266710780742,27559684.50099772
2025-05-23,304.0299853034632,22.813994586065057,239.2485971139209,5.90131990326272,177.5663717523081,5.871668506104359,26398717.316106282,5045894.194589145,314.41629129702454,238.60896232303259,178.88446759473456,28076317.585132636
2025-05-24,303.2309782586434,22.88238220420756,239.19889951772245,5.983261797790797,177.15392672715072,5.863319433485926,26390416.11659532,5051682.797097167,313.7061119569847,238.54396614098874,178.48632006914153,28063476.978345536
2025-05-25,308.97415689529277,22.61711950673415,238.79258708517526,5.912924781655843,176.71308078331933,5.93056868457502,26392173.584196113,5028510.565854075,318.9670887541157,238.1700202344705,178.09268428064183,28074233.678567845
2025-05-26,303.21564939954015,22.98461320851659,238.00794501573378,5.979344350277775,176.48934562145922,5.88896494162959,26314885.959107697,5031467.779743616,313.76218162397,237.40486697399592,177.86116503042302,27973338.453606408
2025-05-27,307.1994625149427,22.972360193202874,242.1616472477907,5.921488713870012,176.4373691114635,5.9271887691846565,25944311.426690906,5023463.413777259,317.5301200747937,241.39292373533263,177.8274528863316,27497696.368714217
2025-05-28,307.0054674245777,22.97361847736681,240.06764095921244,5.907698189359608,175.7012826948065,5.88275804693949,26271021.746898092,5046375.1029803315,317.3470940889885,239.3915606263638,177.10450543434038,27911230.63266215
2025-05-29,303.11958475502956,22.740220469948056,239.7720924399071,5.947866104704186,178.04857742783267,5.903752369635538,26248034.782075506,5034314.461606855,313.50234153447485,239.10013076087753,179.35931406904967,27885961.72983855
2025-05-30,308.82362309206707,22.78333168377845,239.27130462155853,5.890712689195549,178.50002868712144,5.884657306041522,26017746.636039916,5010201.482463909,318.93917799020846,238.63295299015937,179.78328145533885,27597390.637231883
2025-05-31,306.67414068426297,23.00915267052898,238.2696052601485,5.924190921225529,178.00732394527094,5.962461494473079,26245576.074755277,5023387.6660936335,317.0575573188007,237.66704755933523,179.34444869724396,27886788.50214536
2025-06-01,305.1658174888685,22.697421502521514,242.1899610572599,5.905752038380708,178.03102607206117,5.9084391925909046,26332267.870266136,5012745.345170422,315.4124826061792,241.42337147500152,179.3444845443811,28002643.36370418
2025-06-02,307.84826412905306,22.75047475812435,240.0659815247923,5.9703617585703554,176.5983927184213,5.902714220575597,26007451.23129446,5041987.938409741,317.991909097674,239.37664476841303,177.97126977052343,27572452.68851628
2025-06-03,306.6702449190356,22.89122154202796,240.82689931360147,5.888898622281231,176.10766549319388,5.907286572298335,26229303.13576011,4993315.160308652,316.972421474069,240.12228965038457,177.50363396127733,27876787.352065954
2025-06-04,306.93392528448334,22.62173266792636,241.63056121441193,5.9206903196560585,177.96841070110415,5.955462658769894,25976436.365357082,5030636.934539435,317.0362653524984,240.8847599764412,179.3042809889469,27536556.34390347
2025-06-05,307.3111066242794,22.867352988458595,241.94908086988605,5.93288246921104,176.17209648949458,5.910227322321749,26089531.927995134,4997440.210159772,317.5634338761784,241.18704073324943,177.56651737635255,27694770.770029858
2025-06-06,306.99201333444614,22.87797182786312,239.57577811058908,5.9944634441729,176.8239381393205,5.952026857263601,26164889.67595557,4996536.896304534,317.2682871618215,238.90231632043984,178.20775236175695,27792421.420145635
2025-06-07,303.6267982026385,23.017779302009824,242.51577851828418,5.9465408371760535,177.7541639908876,5.852911349834279,26126418.819227625,4986297.637883935,314.1748288368728,241.726555349689,179.0562944964287,27746488.944339138
2025-06-08,305.8910873581795,22.85882046016201,239.75193267050122,5.905347248688203,177.74520136829793,5.892227369362069,26150672.293319043,5031158.977305276,316.21145378195996,239.089877729299,179.06419798201347,27761379.90952272
2025-06-09,307.1111653100574,22.622313356531148,239.13760916247998,5.96958880954289,177.717826421126,5.9292326949077845,26171534.019919295,4968110.642389078,317.2046785966495,238.48820957127745,179.05351510490596,27811413.5482991
2025-06-10,306.9529083186414,22.793370285582906,241.38021415394363,5.988022937862938,175.50552408955082,5.877399065580115,26159036.266831297,5004691.058235294,317.17279251590503,240.63081758812422,176.91494759869295,27781875.573337488
2025-06-11,307.77411354845077,22.89008866687623,237.76904219629645,5.987301108755989,176.4807587240146,5.9472199136084924,26287657.618091125,5019427.154359123,318.01803605964596,237.17450681340685,177.87736631985476,27942584.74851448
2025-06-12,304.24812117255993,22.892312832903098,238.50753784055468,5.972331468044166,177.05217978533682,5.874934106151691,26248678.373806037,4985171.866459704,314.67715652914825,237.8845480681807,178.39383182169573,27904791.811966326
2025-06-13,305.08505158162654,22.982483292742124,239.8324474131811,5.909389392431248,177.4719939567168,5.926348694699954,26338050.483093344,4993094.073932302,315.53278456202804,239.16608340984905,178.81708149215913,28017308.702706233
2025-06-14,305.1319796370632,22.733515895425427,241.47631495217317,5.930035189916179,177.48735454755771,5.850766796240717,26143890.027959514,5014299.354120779,315.4053331712038,240.7351343389685,178.80009900278847,27758796.030161556
2025-06-15,304.81120513338396,22.684138989914022,240.3792572361259,5.977798356165386,178.41301946826619,5.938628549827056,26321820.00876413,4994829.066590831,315.06715987954607,239.6749176670916,179.72264881967877,27995712.6066006
2025-06-16,305.3300811902685,22.893068694457064,242.21989407613262,5.942646963711633,177.07989364121707,5.877173302365436,25954089.91025378,4995809.03776659,315.7033075066377,241.44417517441065,178.4212883856812,27520453.334184363
2025-06-17,307.1734204795281,23.012454731471532,241.0314230396181,5.88878155879622,176.24213806793114,5.848917987786736,26321848.773477778,5035073.386580229,317.5331230649861,240.31807619116861,177.60783875413577,27981009.905087106
2025-06-18,307.4696326071604,22.80994007630004,239.2736641255499,5.9934105022324635,177.4676538593851,5.850479917479673,26367295.051654574,5053012.592492431,317.67405718449527,238.6133692649526,178.78112815475356,28033130.524008825
2025-06-19,303.3441050859451,22.712658340257104,239.6193856378797,5.950519327480989,177.4943870150666,5.939590960160227,25983288.915683318,5050448.630307421,313.6961381360838,238.95340183493317,178.84405880485266,27538149.768374298
2025-06-20,303.554382425835,22.85293064700125,238.41515184201967,5.977756118857537,176.599597417126,5.914136696188902,25984162.963389054,5000935.598735014,313.992339285355,237.79496628066428,177.97721023476146,27557413.145654272
2025-06-21,308.0466544175771,23.01274724644111,240.2835801792374,5.921135969915369,175.9108108164588,5.928147509268096,25921160.27972592,5001777.40238296,318.36109506643976,239.59539071183661,177.32401746908914,27475740.81453559
2025-06-22,303.5100300956928,22.865575406821947,238.6221955453938,5.923995711152116,176.0255245777882,5.903009272070166,26040837.758012217,5007481.62901142,313.9590285454258,238.00457390118368,177.42324459402434,27628207.54354828
2025-06-23,306.68443748564937,23.012358178556383,241.42347999081048,5.888941793015841,177.80301442604318,5.872702358173207,26120563.53305264,4993740.204342827,317.06953174365543,240.69330279456221,179.11133246433837,27736201.30177107
2025-06-24,304.25205039612223,22.788930809119876,239.9641180322815,5.928805316102887,177.58778402557945,5.878626495021875,26043195.16612637,4960058.358347653,314.6094858450384,239.28798362598147,178.90787237903197,27648621.19372518
2025-06-25,303.5407589900743,22.677209808484804,240.6703222905088,5.955157442507609,177.30531347407333,5.8629901724412745,26260283.012244925,5051242.70610002,313.85807281793194,239.9583284390437,178.63103645904917,27895579.42660988
2025-06-26,304.21029442833026,22.93290920712937,240.7914765123706,5.965494896452365,177.32940357384467,5.943027535346068,26328059.598638114,5039942.39268008,314.6693349346981,240.07209363710766,178.68763485431447,27987247.478181034
2025-06-27,303.35102115229625,22.8496064386486,239.57199660008004,5.927242519673807,178.42546345461344,5.891570101383057,26255539.490899444,5043949.868859728,313.79727009966865,238.91299360607218,179.7148312257314,27892124.53459426
2025-06-28,304.67052008315557,22.665542547617097,242.1081423461097,5.935643314690425,176.72568575132436,5.907200725601814,26331848.265368845,4999938.754054525,314.92095678769374,241.33870060650554,178.09495062735152,28006792.001135357
2025-06-29,306.5115660597786,22.603121446516557,241.86682413665872,5.979120949599041,178.10043825358565,5.879766120084166,26388428.39050244,5025064.046391135,316.6230429300631,241.0984738252805,179.39888322355952,28070659.315099478
2025-06-30,304.9293753233063,22.920371470904286,241.94780257747996,5.906015672690067,175.51600309711577,5.950841542452615,26357789.735788602,5010251.186239534,315.34231916289264,241.19153133277106,176.95575796445615,28036516.76012132
2025-07-01,308.79308315744,22.864144695662397,237.82209469451018,5.957621392101119,177.4132577962906,5.907164599856267,26039468.34596523,5043911.325502362,318.96603732349087,237.23159885851877,178.75283875731824,27613096.325133182
2025-07-02,304.73468195253633,22.891010669206803,239.94944834444237,5.980835126215292,177.53963153025447,5.870977193285717,26075033.830430377,5026790.021624053,315.137485796642,239.26287651867716,178.85859144994402,27665297.75050607
2025-07-03,309.08875867876196,22.821269965029046,242.48161952641226,5.966686400538605,175.54525088990144,5.954423976401261,26132656.6020455,4997489.891367023,319.2167096607717,241.6895751450905,176.9852452960601,27750445.384516597
2025-07-04,308.02174016944406,22.761984050530334,240.5872127143139,5.95649063122826,177.1228383476891,5.948859622434861,25980496.373443224,4969605.39841901,318.164301587593,239.87849584600158,178.49242745775263,27564152.946483474
2025-07-05,306.0938351312945,22.828839640164666,238.83817038633336,5.946632099306959,177.73410841998918,5.8732623569596765,26249552.02894242,4958447.823885305,316.38294104882215,238.20648168816996,179.04563448072275,27915708.007148083
2025-07-06,305.92153733586565,22.738679064515967,237.78083932923192,5.9009063903229295,177.40623004611905,5.872724214305887,26157787.45091062,5051676.88883451,316.15734910319696,237.20417328388652,178.73167851400194,27763053.81683425
2025-07-07,306.32529072592615,22.60129105595637,237.7809655543429,5.886156840362629,176.09892329701503,5.936475341010785,26089011.650733035,5031479.926126581,316.44520175015396,237.20743108931777,177.50750350899068,27681631.5080808
2025-07-08,305.0078157993532,22.697105555935472,242.12594459107868,5.8793492644499095,176.77497695195873,5.846343507757617,25900822.2663864,4984452.823093925,315.26248890577364,241.3677130019215,178.11660651272607,27455820.831627477
2025-07-09,305.10030984817354,22.74133046453396,239.03571855542015,5.896243836234951,176.39133015201162,5.851209389985484,26042229.779737744,4958878.293228154,315.3807089540031,238.40628337638623,177.75155363608658,27647806.66739285
2025-07-10,306.887322500687,22.685781674108128,241.9356375136011,5.930231752607931,178.63031351551106,5.908131693062967,25953901.557821076,4998699.099345609,317.036320955313,241.1747370732231,179.91778381166566,27519151.577416956
2025-07-11,303.48774254530053,22.587071328640636,238.72577026023384,5.980099264559112,177.07190674828777,5.860733801188038,25974914.758922577,5026882.669682807,313.7455672323832,238.09177902227165,178.4067554852466,27535966.318419456
2025-07-12,307.75531870543296,22.921927584349202,241.61207089822597,5.880005447122574,178.08034729267752,5.919872554853725,26243372.731133457,4986402.5856492175,318.0222076166056,240.8757148180861,179.39646986303026,27897489.145226035
2025-07-13,306.2294123012454,22.950540760850522,239.12268775207596,5.949482092049444,177.18458206161512,5.915562618655293,26288902.557176527,4954412.199912911,316.5955059995553,238.4782037848568,178.5375504361883,27968004.829412967
2025-07-14,308.47915110772163,22.592102362180523,239.02166842321319,5.964519258326786,176.15185845433115,5.915193947583337,26105508.971341986,4980767.248345797,318.48057811807485,238.37831410618614,177.54923438223074,27721510.74340231
2025-07-15,307.9250074963542,22.832398077941598,242.41791733000943,5.90788697434503,178.66143430885393,5.903338201155645,26198841.49689924,5001955.25702998,318.12123292352896,241.64110771597367,179.94555254144635,27834283.5425441
2025-07-16,306.44442535927755,22.902939232853296,239.55969676901606,5.9126618351430045,175.95561013391637,5.902423390833298,26350353.879320297,5035371.567096621,316.76645116125826,238.9043217900551,177.35610138935292,28017713.249397967
2025-07-17,304.3102919551238,22.890071379488518,239.37120358357825,5.951823334465856,177.8795264001565,5.853372576019618,25995012.409513984,5049371.633332056,314.7345425181024,238.71557490629763,179.17644083427945,27553684.385034434
2025-07-18,307.6882838926846,22.783368507355867,240.53198780946317,5.965698098976475,176.35848826193836,5.9017970863904,26297183.54112044,5024556.1106646815,317.86297438447224,239.82367857561994,177.74133278676456,27953008.35336636
2025-07-19,303.18259572288173,22.60255382082232,240.6346266030359,5.967968487255243,175.73045618248574,5.89502609069129,26099031.286364816,4990174.611374892,313.46699970327205,239.92143730515494,177.13756225391367,27709699.68716534
2025-07-20,306.78366036921796,22.593999564207856,239.30338447335689,5.928403805474221,177.30694242944546,5.850736753592098,26308354.549487755,5043657.648973763,316.8746714076748,238.65564221237716,178.6274590854087,27960438.8970839
2025-07-21,309.1184241351651,22.635745346163898,239.38906774870523,5.991443387665258,175.60013293931328,5.867127344175146,26119677.22898441,4982774.185730593,319.11670783449955,238.72424720843404,177.00116866326692,27739073.100035373
2025-07-22,307.52799957010416,22.790832030516086,239.57468988558327,5.970890700706715,176.20405655620021,5.9322275994805365,26251715.830337726,5045375.927507682,317.71618937382624,238.90628825341264,177.60631981462015,27886664.20990462
2025-07-23,307.056038755264,22.650142725788864,238.3222416438203,5.898058051003611,177.9802759661604,5.887231961719541,26225231.8195366,5001722.712068559,317.1716410288958,237.72298696062313,179.2870352647582,27868450.160085335
2025-07-24,307.7229062302737,22.603168006755773,240.82646153237891,5.927277858136126,177.03683296623927,5.927718601118261,25970968.315570068,4979478.390447934,317.77134818613314,240.1137079887226,178.40127192156274,27548231.98417769
2025-07-25,303.42599646973565,22.686892279627923,239.14609331023598,5.877520941703569,178.91390778409036,5.946685109126966,26415490.937411066,5038831.712220941,313.7559719671795,238.51591157556894,180.20530069550657,28100566.36318521
2025-07-26,308.8755502515683,22.617823120303058,240.385136695811,5.94385652017041,178.71111948644742,5.87397748741856,26159562.515406586,5022921.789923248,318.87410186838497,239.68776411573697,179.98078721214802,27775878.018557318
2025-07-27,306.76696569807297,22.723620522655434,237.8192710014332,5.9030167254822725,176.04355554480063,5.920747250464169,26149247.21427251,5048124.124946841,316.9483617979652,237.24050965568864,177.44793242491144,27753325.869257495
2025-07-28,307.75912756747846,23.01465464617646,239.5193424817551,5.89610830202741,176.56338992819906,5.876198017002621,26361134.605266076,5031317.061436738,318.0898552245807,238.86921700263503,177.92666304487864,28033120.880207535
2025-07-29,303.15952074923257,22.919131813829228,239.00404775008988,5.944490759388305,177.96453778431552,5.918891006722322,26086774.45606317,4965479.710878596,313.6637539805645,238.3657080614326,179.28524612411925,27702915.49247751
2025-07-30,306.4450348614197,22.821073733680482,240.61498997777116,5.964248066562931,176.0619842587829,5.881826342407335,26312534.44494995,4989438.131428934,316.71049284514044,239.90343321302132,177.44925217992264,27985695.36273987
2025-07-31,305.38782302584593,22.679810632094572,241.97071033851876,5.893319224151415,178.38214880711115,5.916543763639981,26264050.922023654,5022924.314379457,315.61076765564917,241.21615802015617,179.68385335696019,27910817.314982153
2025-08-01,306.69401790804943,22.891713346552915,238.9776330588819,5.993927179107629,175.85829915219645,5.90518692751047,26156792.33310049,5037310.079913219,316.9952963878771,238.32991069485468,177.26414772270755,27767030.65945376
2025-08-02,308.9998855716298,22.697426328282855,238.8074651468496,5.92642876703473,178.33459573477177,5.9513579972386355,26243114.374324076,5018044.197236762,319.04693756254295,238.1813888223849,179.65294464234915,27885566.46471378
2025-08-03,305.00612357307153,22.82250370738366,241.0989035284961,5.886259127858887,177.9204509263311,5.924223795456085,26134307.34351836,4953978.027226376,315.34748439671773,240.38320220123651,179.24529686322396,27768513.830744
2025-08-04,306.5253735013738,22.644817076376185,240.95183792564268,5.922203337125037,178.4984671707126,5.928826265795854,26242781.15351804,5031180.132496387,316.66492638827555,240.23479234939575,179.80030080636683,27880324.97482556
2025-08-05,303.57584269493765,23.005436717555295,242.39645940198338,5.983269645178122,176.94251157724196,5.9356940354372085,26114157.36513186,4975150.509052714,314.11800251621816,241.60453641476113,178.31436342151568,27734736.78334561
2025-08-06,308.49335539313785,22.99206212545458,241.77796824806668,5.9479401333155195,177.71791262091577,5.866574524581843,26250749.017293897,5034067.974922174,318.7702539693759,241.02005629685857,179.0273343159972,27889557.272315558
2025-08-07,304.86498411570733,23.032499995155174,242.4435300591524,5.978718901380943,178.022845860689,5.938139590629374,25945864.966248296,5000957.70633262,315.3587160572317,241.65055836784376,179.34910627744944,27507945.588242177
2025-08-08,309.05802975035385,23.003254483977386,238.55499865054233,5.989989918021225,176.54349473142892,5.955503081305849,26027675.301460754,4985198.129612226,319.31325860039647,237.92621992720544,177.94086716755584,27619370.591731753
2025-08-09,304.07927849349124,22.941516618486215,239.66563266011573,5.990408996576167,176.6019804889343,5.939583057275395,26040205.810148127,5036173.297217011,314.5510844519735,238.9891836899587,177.99015635856088,27616882.83730514
2025-08-10,308.3978800610875,22.81975454550696,239.01842025858036,5.9840508141088575,178.04272598653148,5.933396220900413,26003966.4360562,5035594.955146961,318.560754319777,238.37105105508545,179.36614038396027,27570293.782561038
2025-08-11,307.5227325579264,22.702048700490938,238.54606155674287,5.967378131533906,178.68797672017746,5.949710125320542,26260561.2542041,5031556.406997184,317.64988306284613,237.92247486808225,179.9903865100729,27903149.04528215
2025-08-12,305.9697583373157,22.79723041853281,238.30066571968487,5.896049734650116,177.5167135588489,5.948704800191891,25960485.18256361,4975109.115710038,316.24349493388,237.70276251531354,178.86924203717118,27536293.962395824
2025-08-13,306.563865132133,22.727184817693026,241.50662654719267,5.8885268784097535,176.6893033687902,5.938997390232889,26026797.400224045,4996304.512742294,316.7582969276416,240.772975481627,178.07346576793734,27614169.023225863
2025-08-14,303.2586996250137,22.60217003358506,242.43861519957497,5.9082533771571155,175.5732733342513,5.955494927813501,26046457.947816484,5049462.562468848,313.53887629861134,241.66084093194962,177.0125074612866,27620089.766180407
2025-08-15,304.4390032865622,22.804724383998536,240.76400429320748,5.954731383482733,178.23646553333785,5.845228516980538,25929476.40662276,5030019.900880426,314.79761224142476,240.04808758939245,179.51456442860325,27476136.497903302
2025-08-16,309.0959849066865,22.98194906446544,238.4755838831542,5.959488648673462,176.97413888836584,5.90018346994719,25945444.10607102,5006317.578395678,319.3345242007953,237.85669452062288,178.3297417038221,27505438.971690014
2025-08-17,306.9252805525694,22.78167454689774,238.32811633173878,5.880232540226396,177.99051616484945,5.8931180586880805,25917598.160618365,4971511.657869702,317.1385261140304,237.73240116321284,179.2993007649556,27482225.666248854
2025-08-18,306.03648569111954,22.811397764683136,242.11010086337765,5.888046785856674,175.42860706416104,5.95907637422954,26123569.21793746,5037430.438089356,316.3165321324746,241.3506982211779,176.87558471779107,27724081.008522164
2025-08-19,306.06235101499334,22.849571023127396,242.55219244174285,5.994349709039723,176.73817242873838,5.89945838512102,25981940.21230602,4986535.208385244,316.3674131529671,241.75124108477908,178.10365328991685,27559816.876434103
2025-08-20,307.38670488986975,22.842371231845465,238.90371709828784,5.906677940936293,176.86057904330588,5.924696496769459,26064734.15037976,4985730.137199116,317.6178438713866,238.27771788308405,178.23135664570597,27667034.9172243
2025-08-21,306.63076301026155,22.952707584120084,241.97804123461236,5.915472018045263,176.77610738540076,5.922296473631569,26411132.274055574,4995141.80681893,316.97745723567976,241.21846331354737,178.14952397122596,28110939.24937258
2025-08-22,307.8340422996837,22.741880755383992,240.39349313762796,5.8925610403771875,177.75547030856373,5.933270196495684,26092673.39236716,5029270.242222007,317.97249271761297,239.70667226527058,179.09122698150637,27687169.734534133
2025-08-23,306.0759685267357,22.647606038636727,238.43414661235218,5.976314585840775,178.51714318000492,5.94770106990782,26026360.621699996,4987044.172565932,316.2408452296827,237.81345387893617,179.82608234818377,27616996.635237355
2025-08-24,304.9682370287895,22.778704531955675,239.64569150954134,5.909044048177673,178.77935588760533,5.919585171093996,26298443.586747732,5049567.049621268,315.2813227846239,238.98740183962056,180.0651957399915,27945475.138670325
2025-08-25,306.9070763760458,22.789834364849263,238.50079479065704,5.989587787069198,175.92772465088245,5.957442339658908,26109120.21281458,5046103.649949974,317.12690486506204,237.87442376322858,177.35248044414243,27702244.382039756
2025-08-26,308.52141797928704,22.79784019166356,239.74383170619745,5.92277090515922,175.41781507653332,5.879150447563464,26284900.530192044,4967588.821286742,318.6627263830831,239.07841809495753,176.83175732904635,27958010.404883713
2025-08-27,305.042572167528,22.846958171430746,240.86378653792127,5.988827477471752,177.66866788019624,5.913438529192722,26332473.107502785,5006799.209680919,315.39892352055074,240.13634334166952,178.99985760878215,28005086.241086055
2025-08-28,303.8479545545575,22.883866498494434,239.19483594284753,5.901703203897142,176.07876667082607,5.901813234168786,26300170.062459346,5033227.136822787,314.2919911228011,238.5574228340101,177.4736879665807,27953689.415852234
2025-08-29,304.36342785717653,22.67507703557684,239.1164773761073,5.972727406015835,177.6421146111904,5.860902000883533,26388514.46764293,5027304.32208359,314.63643746516635,238.46731557209003,178.95242934760458,28069949.956915602
2025-08-30,304.1382966245893,22.705861387467227,242.1438158708906,5.950451845885507,175.74224448571408,5.9258873269601535,26321689.018030487,5020195.4036582885,314.4442870254534,241.36969629522355,177.1617774261849,27986252.78792455
2025-08-31,308.7173560684031,22.919733427924957,242.2741029609081,5.953737832075092,176.5529300715915,5.951911104604284,26266550.763457872,4986452.097549309,318.93264230383346,241.49370282841977,177.94838978965413,27927403.985484302
2025-09-01,306.1745008456643,22.802238466711703,241.25047537319807,5.98615032818604,177.05537115813883,5.918100457583163,26141214.271675307,4964218.3929506615,316.4410362970173,240.5070352718011,178.41497872966292,27773683.067716926
2025-09-02,304.3910078253656,22.910005123066014,242.29260064205036,5.9082544322210016,178.3824443666013,5.937319931401759,26126426.750450406,4990703.358001931,314.8248221946664,241.5210816180699,179.6928445259488,27744885.55183007
2025-09-03,308.2799727953285,23.013971795617294,241.94530457440686,5.939896893113588,177.8279656243859,5.9065476040494245,26080673.44728612,4970938.3878052095,318.58311165450544,241.1819343663434,179.14939330430158,27693037.13222652
2025-09-04,306.3605759868389,22.97857879903349,241.8551193076076,5.907034577327569,175.52000944158087,5.913696991768612,26296890.532621965,5006455.951493511,316.7392037857189,241.10260203957313,176.94402223896,27959259.29969565
2025-09-05,309.2028095323078,22.803459920005043,240.7936888979147,5.915598278837353,176.64581697919579,5.896062926388103,26012353.503666826,5015810.801297829,319.31252301703023,240.08482343523926,178.01385977148485,27588371.280968126
2025-09-06,304.8451609561706,22.862596381057873,239.78232661158992,5.9501568384553964,176.57438191825617,5.949287078390424,26262038.830711987,4956662.036084039,315.22259000665076,239.10943928472582,177.96781612326228,27932487.989223756
2025-09-07,307.47654672909965,22.865108191338802,240.58889432350855,5.9746435576113335,175.7523236150004,5.88671559216319,25966996.736652337,4965972.649423593,317.71871027667476,239.87624458223618,177.1550027471378,27548049.540061936
2025-09-08,304.01054868441446,22.74155270585353,241.62876967197604,5.938119590040533,176.17806557299534,5.938907825652432,26305150.833760425,5029169.019965306,314.3478384635062,240.87933826551512,177.58425037096856,27961608.09178989
2025-09-09,305.89844649915136,22.857820523455892,241.22590396922433,5.888526645177264,177.76325715901845,5.855713734205577,26089199.262489162,5015083.248735938,316.21773922400416,240.50427950146704,179.0661699175888,27687879.22956982
2025-09-10,306.3792127060694,22.853695557320457,239.92220317589192,5.970235975704822,177.62998747004195,5.9070176031047765,26015020.114609614,4956307.118860792,316.6706261869086,239.23905283720234,178.96015491940733,27613608.80821625
2025-09-11,308.66424068071194,22.688739459683127,238.09953593377648,5.880123436847695,177.7394537563159,5.880660622942941,26070381.175240923,4991417.381561536,318.7227685196086,237.5136366739764,179.05385016013255,27672244.69037918
2025-09-12,309.0090080050994,22.987332844278605,242.11255962933654,5.940542563782581,178.32166748393624,5.912185263806709,26235340.336827707,4983048.593920573,319.2557936774517,241.34188665700307,179.62415493436134,27888344.242040396
2025-09-13,306.55494890505406,22.86919729008779,241.15224810181383,5.99077078668488,176.7038144371555,5.933757669004254,26179966.26765655,4959917.539592509,316.8479183309656,240.41203349829016,178.0851544456063,27825304.065814257
2025-09-14,305.21377100444056,23.026836975191337,239.7013920203286,5.989526555962022,178.71508091869998,5.884599871042633,26257264.59151902,4969127.610390644,315.6854328816028,239.02359874980536,179.98903009692762,27921756.72855473
2025-09-15,308.95533979320834,22.937237497630836,238.7660032759635,5.920098450129985,177.04026484716985,5.875824741477438,26026766.62238574,5018283.866069287,319.17032393432163,238.1430495909316,178.38280432496487,27606079.13690995
2025-09-16,305.58728071627513,22.653075130060074,240.26108619118676,5.958819609357607,177.56850783988816,5.9570006577563355,26214143.753857184,5005736.415809295,315.78137734182076,239.5658457040994,178.9222786135899,27852660.56336889
2025-09-17,304.3149463819817,22.934366926041594,240.49346103010387,5.933166982212695,175.76615624311052,5.9194786953617715,25968576.715061154,5033525.991937974,314.7695449982461,239.79372117376093,177.1819712020262,27525347.955070894
2025-09-18,307.7436069887919,22.821037482215292,240.6757557311471,5.902890368270549,178.42094684962368,5.918171446116814,25965140.16417628,5029522.8221023055,317.94143123445525,239.97464545510422,179.7216595073642,27522376.06270154
2025-09-19,304.64770061134084,22.79937590115824,242.36297406766838,5.934534769259076,178.75808106373157,5.856793436016431,26168386.160067726,5019012.442435865,314.99175032649237,241.58285074986983,180.01851967293237,27788705.036179747
2025-09-20,307.235603056253,22.96980991414,241.08064861245737,5.896683463602492,175.9128314479074,5.950805978862198,26249385.741983857,4963370.543034142,317.5626177837102,240.3635122656793,177.3354482428125,27913690.267177597
2025-09-21,303.5971486543071,22.595350726070944,239.74858829817435,5.9790422222292445,177.35030090314348,5.94254047225062,26183220.39497515,4987633.6299439855,313.8549949636572,239.07100291930763,178.70742630941467,27819355.296127174
2025-09-22,308.45380835541846,22.719721759947216,241.46042339363603,5.900251514148704,175.57655628528357,5.891077944648667,26173638.350552153,4977054.152661956,318.54468840764406,240.72625809763315,176.988648274496,27810855.517048243
2025-09-23,308.1176636025448,22.92049992917235,239.5968042435568,5.945413546316296,176.63550681692143,5.9556583431786265,26385897.501334317,4999623.274629893,318.364701497939,238.93287377527867,178.02897400458187,28076708.745287474
2025-09-24,304.7813277517933,23.03802424580036,238.2531207002203,5.928674444237981,175.83955806954478,5.857194950325356,26046846.46094109,5015813.304705422,315.2832302002521,237.65031564903353,177.22609940724357,27632915.854134366
2025-09-25,304.2657440445521,22.603891610531242,242.16433908982557,5.961325747252692,176.65417798596548,5.882759686820372,26193804.518384416,5011433.272743432,314.49467899496835,241.38702756980152,178.01628392686055,27824307.19111605
2025-09-26,304.91244442731613,22.64470660375633,238.11979995856439,5.900549704625734,178.16435550298618,5.8961806226455495,25937600.750414345,4976631.687251323,315.1358963672567,237.52868822658414,179.46692260419462,27506182.498439666
2025-09-27,305.82943621628107,22.622753607486096,241.9179472287475,5.899010830157942,177.5976425061268,5.872068208397399,26092954.235909365,5019674.801462353,315.9899853281772,241.16444484438125,178.91455654958324,27691046.844062738
2025-09-28,307.05906645025095,22.613272317738293,238.72773674145552,5.97158773261876,178.26725383658564,5.870348421311823,26325722.557790473,4954069.43679568,317.14904848945383,238.09547152028404,179.5545532616356,28015681.090056784
2025-09-29,309.18421504373504,22.84910064534972,238.96955827660125,5.941890833094503,175.98537695285793,5.933739003220394,26370147.792831056,5008253.382180239,319.32641598719573,238.3332491270567,177.39770975581604,28053208.129348688
2025-09-30,303.7767492395979,22.66775978149478,242.09626552557947,5.8810438728445105,176.6851250676419,5.8461881881938105,26070874.203574162,5053239.219394462,314.07525033725557,241.33894501365137,178.03056663989088,27650238.593442973
2025-10-01,304.3057570925782,22.661152776365192,238.58558946343547,5.876964152535774,176.24640258802214,5.8901180622562235,26416342.368973367,4977319.101362212,314.5721532097686,237.97953891812185,177.62918833499032,28124195.488518167
2025-10-02,307.200594961569,22.860526939821156,239.53953838206684,5.921712635034646,175.41143591570844,5.905425103722172,26184592.59599654,5014509.668307488,317.4539618292351,238.883102059551,176.83666649221183,27811283.813412752
2025-10-03,308.66045272354637,22.62908887131841,238.694234900934,5.980705185463304,178.34960975263442,5.947225760342376,26377969.04217907,5041378.501027665,318.6779832483696,238.06146581244457,179.66557877098987,28051176.40516687
2025-10-04,305.83746626016915,22.982665757128586,239.8126521572638,5.92536802182248,178.4132660687749,5.8959160555438315,26262896.039583072,5023861.995563004,316.2461516227306,239.14373781733673,179.70498177120533,27908982.42248541
2025-10-05,307.48004563324565,22.942484306060038,238.15978899753694,5.892040236156882,175.55785866580365,5.854022075392436,26218042.51981697,4978696.044632863,317.7754627431395,237.56877390388166,176.9552254333479,27867599.357605044
2025-10-06,307.23925660460253,23.007857809666326,241.4467070816262,5.931200335499141,176.96785090593082,5.845373084635441,25985047.102413397,5001283.734220899,317.592356884604,240.70654710363743,178.3007511902618,27558427.447931312
2025-10-07,304.80707647659955,22.964442552549624,239.23700987720963,5.991995011225868,177.23957507116958,5.94025270239567,25994842.42673628,5049029.205422196,315.2568230345831,238.57858638770122,178.60051938110726,27553590.280288465
2025-10-08,304.8027230374656,22.609865464687314,241.10516651491147,5.924915715439932,177.54862074897378,5.863347724541764,26049488.446716454,4980653.747195843,315.00782630525003,240.38097524877216,178.86399487971954,27649205.321683
2025-10-09,305.679842948365,22.881416495947903,242.1046778224847,5.944024558177012,177.3914643842717,5.904605624230134,26331159.55574873,5045898.080811817,316.0268123349054,241.33360195454605,178.7309131336687,27989069.553172156
2025-10-10,304.21108969331823,22.732015997361014,239.34473013656088,5.895482165180687,177.50449435063962,5.900135391176179,25951222.755016103,4965905.311350267,314.53135250520205,238.70221846380025,178.8371921454501,27527703.09569951
2025-10-11,306.2563647703035,23.024828833551332,240.0876204813865,5.88821263490684,177.1330394648802,5.887076036508663,26014902.135326806,4960678.063500766,316.6723583541527,239.41482845649747,178.47629171039037,27611855.547025535
2025-10-12,303.2081094495888,22.669874082101828,240.75128221480438,5.901234450513753,178.34625687821483,5.897424580522629,26287405.23541182,5022917.667243916,313.53767627090906,240.0472884650943,179.64149633161037,27940980.37993264
2025-10-13,306.069451742039,22.90206686345684,242.03630836342361,5.9834791313921,176.29555299422813,5.898264187495032,26404572.398943096,4972522.772194618,316.4103976694122,241.25977019655238,177.67963235938893,28110752.010043323
2025-10-14,308.83214645305685,22.994414271497856,242.49077475337944,5.961186722698728,176.42966993852207,5.9211051634540235,25986349.54390927,4997908.464874677,319.0930306378322,241.69950784082303,177.81753598037264,27561345.692591563
2025-10-15,307.74837649513427,22.921673502385417,242.2781634067285,5.983287724352237,178.05699961772387,5.925305276480075,26238750.885931678,5027163.757324143,318.0154513764131,241.49130454039252,179.37640677526548,27876591.17116392
2025-10-16,303.70512461296613,22.85359813872512,241.9234009381676,5.946512289040584,178.38229180202268,5.847598306923081,26375119.767353624,4968002.132499232,314.1356942173254,241.1595621260531,179.65509158662837,28074371.509877577
2025-10-17,305.16569876922165,22.981178382273573,240.5381691670853,5.939263216642417,178.15848060123778,5.862248015038927,26263152.94929949,5036982.552378166,315.6083317766306,239.8352173822387,179.44707829973834,27904508.68163483
2025-10-18,307.2458032419233,22.616566016981547,241.51376242640197,5.977805578262571,178.116092875956,5.889185255804911,25995754.35564284,5018698.094677664,317.3283376587905,240.76081753088147,179.4178103934155,27565877.025266737
2025-10-19,303.8302832952284,22.69932565835732,242.44910908544395,5.98821257785039,177.77861593675823,5.905342252707222,26268481.93872826,5023925.737930389,314.14779650870895,241.6538792311664,179.1016678336186,27916172.914521098
2025-10-20,307.9360742797079,22.612444083483105,242.00102784216782,5.983004413342876,177.13112986929568,5.94424698678169,26209520.969602972,5017614.458839335,317.9798239126014,241.22610210697675,178.4984278063497,27842340.0859402
2025-10-21,305.0230199452418,22.760199329505106,241.4921464624032,5.96910112556297,176.81070890518922,5.866773547750045,26254276.48143494,4995026.565908969,315.3204738487518,240.74197891972744,178.15935991305932,27908412.0431407
2025-10-22,309.05466237623585,22.89647661810271,241.74812530965238,5.927590488471117,175.57396623442077,5.871857034337859,26411044.83260229,5031306.707327001,319.2363260487201,240.99581990824856,176.97811351013814,28097580.59948653
2025-10-23,308.1633364365274,22.97671961582375,241.3671394750097,5.9367791702272195,175.9442413909126,5.892116496855588,26032823.59367155,4966967.272834129,318.44682158566474,240.6292017577899,177.3409030576763,27632696.505703986
2025-10-24,304.1546710932846,23.004984189048486,238.30455351011017,5.901114354553199,177.0019873363304,5.864020312118663,26408689.90016045,4954593.24599169,314.6663823475985,237.70540658555623,178.34123064603955,28122636.35705229
2025-10-25,304.7897100132593,22.70800867899344,241.54841778540228,5.984332102920134,178.51032637195624,5.853600995919013,26261136.057770226,5010418.9914674135,315.0632682194173,240.79260012076688,179.78011749398195,27911633.13929165
2025-10-26,305.11533636123585,22.79721899261859,242.4932696371884,5.896597349644667,176.80978715077174,5.8980122040474035,26257079.377268814,4957693.023230314,315.43354958998947,241.71563294331355,178.1715716635846,27925705.557834573
2025-10-27,306.7961548195061,22.844755187564594,238.79780350903008,5.906316934240506,176.03512230432935,5.946685015914975,26244637.479854416,5020650.543714261,317.05968648195176,238.17641856046922,177.45073493382185,27886578.86176457
2025-10-28,306.8431362827093,22.8210689985556,239.59846047235376,5.897627496962564,178.7350241376318,5.845237043921841,26065190.654377796,4977560.173200241,317.0878642918978,238.94462235985543,179.9916137748533,27670616.787341863
2025-10-29,304.82155614395776,22.60718571466628,238.39814278173168,5.920518951514298,177.96035028032483,5.878943835788905,26417666.050785456,4972931.191758753,315.0238282592687,237.79085932144912,179.26449539257425,28127512.052446395
2025-10-30,305.15854163250503,22.987256051915626,241.0139908847891,5.8893328816899055,176.45613007821453,5.940811484390129,26151456.623991493,5029798.960438923,315.60574448990826,240.30127359689445,177.8511142984855,27762890.94195787
2025-10-31,307.24472965558726,22.601278634850434,242.44739555221528,5.904615181168532,175.79647317279708,5.895813101964512,25929604.029205076,5010620.5160791315,317.3167625440968,241.6700189067594,177.2010604843337,27483406.516120557
2025-11-01,308.7856915751884,22.597381282854826,242.51329809422364,5.935279326621581,177.5461516167747,5.90505889135831,25992211.99271009,5005500.502937498,318.774804507432,241.72657632952922,178.87911559091236,27566136.024177954
2025-11-02,303.34591233756873,23.028747711301598,240.8180651164737,5.9880753581332735,177.50442335004226,5.906660152944333,26158984.138636306,5033440.72966557,313.91614173250474,240.0927406533979,178.8398590725369,27771278.423606064
2025-11-03,308.45316336724204,22.724085974839255,239.49864682369983,5.934258789438133,178.67838820555656,5.949130258089052,26183839.048357546,4980620.738682771,318.54709091467686,238.84129399099328,179.9809686881546,27822722.78355469
2025-11-04,308.0033179916197,22.844658051633946,239.48891127992476,5.883800678969554,176.03005687688275,5.881588924700236,26084117.671289574,5006883.67026954,318.20393297420736,238.84270714616696,177.41860295236717,27684319.84379585
2025-11-05,307.6665829881244,22.639786756106314,241.48504595702244,5.920180702008165,177.09219504252204,5.849715361951391,26226781.706156943,4972309.934527332,317.7432461565679,240.74558718371128,178.42154994255336,27881224.439508885
2025-11-06,305.6931949963611,22.69215838239011,241.79145785153995,5.989742541230775,177.6404560239037,5.885097468892699,26394426.097159456,5051592.027725848,315.9087680985442,241.02407729854036,178.96098389635733,28068688.861748554
2025-11-07,303.12604407592903,22.6749463940793,241.00473755526528,5.926391355504356,177.90511657023694,5.891876251593884,26146350.48194309,4966822.895247304,313.4633864634763,240.28453496183963,179.21706566233908,27779362.23828024
2025-11-08,303.5149624270122,22.797511681274045,241.46539151102036,5.885959451318816,176.4284271826913,5.869527974337957,26330164.12385429,4999922.963972926,313.9166994615673,240.73405306186658,177.7947281907966,28004622.821302056
2025-11-09,303.4502499429694,22.932089380978,241.2583548276501,5.883806772504454,177.2780381444736,5.845008115337213,26075843.957855992,5023306.966781888,313.94829514426505,240.53634395939477,178.59740085437664,27667619.679855976
2025-11-10,307.51815906629605,22.72748783781817,240.55113900904806,5.896497555704641,176.76492540664108,5.891279684750072,26362551.181065794,5018772.379164722,317.6631158821621,239.85672713447127,178.12582376036949,28039544.903294493
2025-11-11,309.09886939845757,22.798315330929487,239.645377696804,5.877450468153035,178.69840195565166,5.953909876178117,26141600.26473244,4972783.907199353,319.21044157093957,238.99382090867505,180.0021222281225,27771044.355796196
2025-11-12,304.23995302774193,22.953592288639985,241.6810161212384,5.976895297283082,175.47846341963745,5.893555585557774,26243348.607921306,5047925.949371014,314.7117330707183,240.92109944517716,176.8958266286061,27874924.49838371
2025-11-13,307.97561885011777,22.816284392962967,238.70114348141277,5.971344162695457,175.729641211524,5.84532131164608,26112811.439122714,5032096.94674614,318.15808118799623,238.07006935606552,177.11594861384745,27712141.45203956
2025-11-14,303.7563927810108,22.604796799793505,239.96976931215605,5.956820700429622,176.2494305801047,5.915171940326822,26215244.465366744,4955565.889215119,314.01247165546613,239.2874343831878,177.64258704085333,27872457.476279415
2025-11-15,308.3927693154421,22.684283508504336,242.25017548888812,5.90490556440318,178.89264124440288,5.942355472213775,26272997.163283523,5008260.09153412,318.4623537393702,241.481186267256,180.18313703419548,27927741.729633782
2025-11-16,309.1028709484372,22.961709195200147,238.36542653574733,5.9778567043365385,177.6311156103907,5.8760082909019715,26041242.41643139,4992985.0597910695,319.32707413127923,237.7473498832337,178.94823677918126,27634039.635232396
2025-11-17,304.6276369411785,22.972185322478943,240.41444260096515,5.909577238609935,178.55525345626623,5.871038706658389,26354856.461424347,4956222.51670382,315.09207295283085,239.72310515728577,179.83041501552316,28052517.113437247
2025-11-18,308.2490160266963,22.896566869891185,242.02624767591269,5.99487010004091,175.8976867580692,5.942055813127364,26114972.913458247,5013706.966711546,318.47268710135967,241.24771785029705,177.317289401677,27721668.358477857
2025-11-19,303.47086745893677,22.62893880108666,241.01880110493494,5.977870062083677,177.77473141213642,5.853625893774894,25910416.296988223,5047726.647604103,313.7584842880888,240.28704733063327,179.07627393448092,27445036.30471285
2025-11-20,304.32595464380216,22.765560216284843,241.14396021644893,5.912467877343368,176.59393424149326,5.94405215976889,26002459.101445366,4955197.970875654,314.6634026846885,240.4207544253535,177.9843305383889,27597793.283422377
2025-11-21,306.2533967699723,23.023696574834236,241.76040658001915,5.985628283133564,176.4651242621254,5.902551730931699,26030945.376448106,5023862.657218321,316.66876294472394,240.9952313423479,177.84368374790864,27609432.452433493
2025-11-22,307.49289753074424,22.585176240142296,237.8851552408151,5.992218377114606,175.50416332809908,5.924826284862009,25998512.78906337,5052746.84905094,317.5408895680419,237.28459959002433,176.93352474661944,27556968.702043053
2025-11-23,304.28286938930745,22.61390023068417,239.07802464770606,5.966669512638144,176.52447124786636,5.8941090172227275,26247170.99332166,5037175.685729071,314.5178246529763,238.43179862721786,177.8969311313083,27883798.251424216
2025-11-24,304.2171854741673,22.838206883840744,240.4127075192152,5.921845901439216,176.61844430429866,5.89984130899933,26227965.85051604,4976059.885623324,314.6104660458382,239.71883506499265,177.9892519439916,27881380.23385072
2025-11-25,304.1223211841335,22.931762358143704,241.9752523341924,5.961660780435702,175.82851068120596,5.94420130767937,26319797.719666854,4970006.005687772,314.5851499081873,241.20597029939168,177.25199756382955,28002192.61963099
2025-11-26,307.793286526348,22.591090064051386,238.99289625962575,5.95194125127725,176.03171522853737,5.90496389690146,26383270.187874854,5002783.420459437,317.82972321742824,238.35344971869196,177.42998740186815,28072158.302565735
2025-11-27,305.44047296657504,22.963291025083265,242.19061681278617,5.977776849045479,176.96489884745236,5.948277106304726,26066317.362744242,4958346.505856106,315.8564472043089,241.40868063810728,178.34105889339344,27679109.041448828
2025-11-28,304.46581436912714,22.826628940841335,241.7096318295482,5.932968706661108,178.3581250049082,5.911086718141356,26326649.452625092,5020447.839578628,314.8381546608274,240.95783168369243,179.65857885411262,27992566.421002697
2025-11-29,304.4667687878282,22.92165241686103,240.98872492825203,5.950013189968143,178.41394338974933,5.855811767684598,26300977.38215941,5033878.087990708,314.90468233608385,240.2641843604344,179.6888200913487,27954493.601785924
2025-11-30,306.06186170428504,22.964450604951768,240.11711758396595,5.970133018236787,178.33649015132067,5.9024487348168755,26107108.181292295,5017002.840880695,316.44628483621176,239.4256387365568,179.63425692159376,27710304.406375468
2025-12-01,307.27703663367504,22.941033652880055,238.65613578617524,5.9291802451759335,176.24015007987862,5.917914109977616,26292220.968069375,4969269.209994458,317.5820213626442,238.03595742896925,177.63485637939743,27966848.833388023
2025-12-02,307.7573748976946,23.008353064268995,240.96788024945755,5.9460444023597665,178.77909987376162,5.94100770682631,26322758.35462352,4965873.581885752,318.08384195071,240.24507679305523,180.07393006220332,28007529.631829437
2025-12-03,304.61252550242676,22.71117803804333,238.68804590390815,5.883617298831021,177.45695567947206,5.927514227063733,25940209.45647588,4955346.074169731,314.89749737213754,238.07619096588863,178.80318065212876,27517347.52861028
2025-12-04,306.9736793791194,22.91113920017997,242.00857530504857,5.958847590699192,178.09226184678258,5.86341644423042,26349865.542253602,5040748.626734612,317.2738130380779,241.23846398696443,179.38420663720913,28015113.19557083
2025-12-05,304.28078779077816,22.856378235714207,242.50084974357844,5.933662631195736,176.89646226655057,5.895013349473089,26307252.788194474,5036923.09991131,314.68330606397575,241.71500512831992,178.25324976864786,27961482.6315355
2025-12-06,308.3079653025035,22.74255599710957,240.00155146523724,5.965412280914792,176.83094189861507,5.908335367728146,25988982.149670284,4962258.23941295,318.4222077703232,239.31602765572654,178.19614055290674,27577802.75805394
2025-12-07,303.4691276049109,22.944027920700766,239.57425818944114,5.934150899803991,176.14731675287203,5.939778293579091,26335200.420274455,4984265.489058171,313.974434684096,238.91368900634342,177.55519322216216,28016861.575154003
2025-12-08,308.98394161615823,22.60130470709174,239.30937318660958,5.887489953883752,177.5520892900613,5.870775644130773,25979224.763782725,5048466.727361089,318.96544238796366,238.6700760676725,178.87042717706626,27533627.0612341
2025-12-09,304.3142808597403,22.69314957283558,238.33312699172745,5.9604706441321715,176.82931680412582,5.864744174336529,26401401.20339067,4993831.834900442,314.60233009487166,237.72013182747102,178.17631426508822,28098851.97134978
2025-12-10,306.09808994965385,22.702675425836567,239.69638629268192,5.934518855207706,176.8534059607269,5.94499880231862,26019044.93877453,4962938.83052354,316.2998456905838,239.03050671258816,178.23300282487483,27616377.691191852
2025-12-11,304.28262460597324,23.00616413587025,240.6634493026737,5.88369558258877,178.30497913440442,5.8490490520438625,26367561.036039736,5040832.438510976,314.788488971989,239.96694866815022,179.58172304707915,28037935.11866571
2025-12-12,308.6514595857626,22.861743795574775,238.66322808374662,5.933994336381747,175.40453311295647,5.870483372379762,26306531.094416007,4955097.377276309,318.8301291694997,238.04172200414152,176.81541566496136,27990520.026696656
2025-12-13,306.5128499928986,23.0273327061121,242.31857965764453,5.898456894025597,178.49389160654832,5.8889389361871265,25951688.05606948,5010071.553261803,316.9172191283997,241.54803143236083,179.77920384205078,27512127.713795505
2025-12-14,303.17396931471285,23.027935162838396,242.3175860926552,5.936826239838646,176.6565504505012,5.921736464078668,26211453.234918974,5013791.640548847,313.75258958678904,241.53891990093675,178.03489119599385,27846235.627429634
2025-12-15,305.04647829082694,22.68045948540463,240.89209545680916,5.899390801378516,175.86847206368617,5.921852795033337,26322821.05171714,4965753.123355945,315.2876427481024,240.182461184707,177.28086719668178,28007654.720227376
2025-12-16,308.91893103793393,22.739341970060316,241.5099500165846,5.920086736387573,177.99012058474915,5.938184980790751,26063576.090662837,4983080.87166144,318.9991446611532,240.76944430345065,179.31781212438372,27666509.673434105
2025-12-17,303.46305030722374,22.79646058993481,240.25529695950277,5.912786003996314,176.80091533189815,5.852989789438494,26209610.22323703,4980508.202045122,313.86676420738854,239.5700950859765,178.14421144936026,27856045.85647161
2025-12-18,308.16199512750444,22.94662455528879,241.44596647321623,5.95196387318039,178.4221058255082,5.94436777748624,26163306.779388003,4965990.082129004,318.4247665455936,240.70142215914555,179.73374870625466,27801565.25791109
2025-12-19,305.93291617923376,22.74943166518699,238.94319897373032,5.909785353160302,175.86921119624836,5.860164336309574,26125508.768997926,5051407.342628722,316.17556123584313,238.31484740397048,177.25571762257968,27721466.648223974
2025-12-20,303.45073093179667,22.966024663533723,240.3989969732076,5.901850506567276,178.85210758076357,5.917618006232421,26183418.850782603,4992316.964508374,313.97218670235577,239.70996459134233,180.13398365325355,27817896.27534115
2025-12-21,303.35598750070415,22.632765665023676,241.74888273080978,5.938230011294293,175.55902630453727,5.898129807431674,25901084.062405653,5035068.885633669,313.6522282477233,240.9942820279765,176.9748305126271,27437620.330095407
2025-12-22,304.05410623881073,22.745072957403664,239.83826459782617,5.944208930940563,177.98988469950447,5.895566638701932,25971291.824635286,5010208.21265799,314.3915593185288,239.1642458319515,179.29972287348272,27537394.698110923
2025-12-23,307.25302105719084,22.74249123220447,239.19079062262634,5.972237163795268,178.71193940020015,5.923300935098788,25982526.226506572,5009537.905365986,317.42214328872484,238.53854940160258,180.00224574609103,27552148.729386885
2025-12-24,306.4153906325273,22.980511822231573,241.2975185358444,5.982414395264147,176.04397641184153,5.849604408394767,26108586.548283055,4994710.983924331,316.7924995087185,240.55285761132163,177.41851549903575,27720378.22055808
2025-12-25,304.6971835246867,22.633048140596912,238.06015835262008,5.882468043750273,177.2792094533937,5.890535214767683,26083663.70630432,4967016.913219164,314.9237914802302,237.4754474239871,178.61760437551476,27698335.13996688
2025-12-26,303.11570547974486,22.610251593916438,238.94545863281976,5.912755342274068,176.95673986865643,5.901719477362141,26183867.014754854,5003971.514391793,313.40890808631224,238.31637858800454,178.3137372726903,27814206.465774562
2025-12-27,308.6004515359992,22.819217751245365,241.54866635352627,5.968136593516833,177.11868475980663,5.867129732285042,26279056.882418394,5011986.356365302,318.75240842918896,240.79628255978355,178.45419588733748,27934202.698191587
2025-12-28,308.2036010368101,22.90595242813347,238.2905860456373,5.9246113497258595,178.22991414186205,5.939327140817315,26109714.973647952,4967566.7611900745,318.43611823236284,237.68704008034015,179.54773731401673,27731777.330321185
2025-12-29,308.83568856411915,22.965564581741795,240.17866484990543,5.93668632582085,175.52695826463167,5.957605520360541,26123086.772367194,4954738.462878925,319.0764648176346,239.49166279577227,176.9690755476908,27753744.650640994
2025-12-30,305.4381582003504,22.794093990682423,242.2530560938065,5.895085274855313,178.85275481158953,5.869510258033764,25991215.455057114,4966459.25098871,315.73740595412465,241.48603207795875,180.11443851883848,27579148.27301794
2025-12-31,304.04544882796625,22.829259530139097,241.43645240995525,5.9673024764110405,177.51357155906464,5.915725798758008,26379629.74959471,4954475.337912606,314.4414916582174,240.68905342169802,178.85241241530863,28085150.180882875
2026-01-01,305.22947951174694,22.753689313732096,238.28862266486155,5.937757556457141,176.9805127653962,5.914442785440129,25939496.924678035,4996765.08361735,315.5116885305221,237.68236483043938,178.34181736187796,27501257.24843426
2026-01-02,305.66298733315483,22.772049865312184,241.96320036494492,5.925917234075395,178.56713721133988,5.878618882265219,25997891.463398524,5030088.477135416,315.93530599857934,241.20203672094044,179.84496322823972,27564465.134353414
2026-01-03,304.5271089183166,22.832492568307323,241.117726602183,5.897937957732832,178.90436849643697,5.9610095403105765,25960185.114530843,5002095.352768476,314.90030738274805,240.3987349720437,180.20217713618229,27526022.487846993
2026-01-04,303.4838834158922,23.001720172164198,238.4042739604559,5.9764658765042595,177.62028330128328,5.88398127977883,26017290.482902184,4955893.911300093,314.02826435813245,237.78482883621464,178.94121377546858,27616692.187450755
2026-01-05,307.3398816784998,22.666900969288765,241.4782428667968,5.925308165419393,175.72821418574128,5.936834500741009,26026522.19247535,4965479.200725174,317.45227918453276,240.7379850198094,177.15294105930516,27625103.661425225
2026-01-06,308.39414188554935,22.708273703807635,241.99923020102366,5.928996876753407,177.3017354699026,5.8551659043286675,26341299.60628398,4979187.472614588,318.48022241006413,241.23586799878987,178.62433329185984,28026598.16104052
2026-01-07,308.29561252638064,22.678960010103278,240.5600194696107,5.930713753103634,178.7969691344777,5.902494847186558,26160803.952019203,5023159.009104739,318.3665789165411,239.85794991824665,180.0748855385148,27777394.37235936
2026-01-08,308.59425497405203,22.837787630656656,238.09118292612808,5.901949342316614,178.7151246234254,5.872852719073228,25992526.589347817,5049926.556814501,318.7593587911835,237.50099950783692,179.98414807884302,27550270.85847451
2026-01-09,305.80271969176897,22.993948543824754,238.6313838039282,5.983099264448229,178.0184600902145,5.906573769751808,26374953.04313817,4978053.933442367,316.22100595648243,238.0007981629812,179.3316788904924,28070474.632218592
2026-01-10,306.59440834454506,22.9134705651142,242.36238363549668,5.979787774634426,176.65808599939615,5.9382537278069325,26168625.875687435,4973831.385984928,316.9158983591009,241.5726610387138,178.0432837225497,27805562.587963823
2026-01-11,307.02044526229133,22.961836056705657,242.12454848649074,5.946028795946711,175.53427583948908,5.92505451577586,26157263.04490266,4995859.515121028,317.3531552155429,241.35219506290534,176.96243356477189,27782820.201711167
2026-01-12,304.02036063992404,22.878017175835122,240.0069874573957,5.881945900838824,177.0145245284148,5.930654303886888,26387919.659931976,4991914.810741368,314.4513815525951,239.33898269594226,178.38115659846287,28082143.53145801
2026-01-13,303.87622340844405,22.61984008901575,239.56808600305345,5.97201324711473,178.1863539948567,5.928549845335442,26020343.43505161,4978415.922613884,314.13645228908564,238.89972854319808,179.50153946973236,27612385.991487406
2026-01-14,304.1502684810059,22.910226612951394,241.67104898602048,5.986786257008756,176.32668168991663,5.860216355588699,26272413.632544555,5046044.700243236,314.596769634844,240.9094556706621,177.69347004239478,27913149.178657465
2026-01-15,306.68332433542724,22.678791425886377,241.17777104537038,5.915822423912306,178.58081614568442,5.867277629644935,26099307.053722113,5001941.817750994,316.83811628005907,240.4524032938582,179.85329821218193,27705745.97671936
2026-01-16,308.13438076903003,22.77540589708133,241.28508851683526,5.94459947181124,178.26648461087092,5.945748614343634,26205315.691329803,5049918.1336523825,318.28034677032673,240.54900272731055,179.58542133578615,27825077.71731051
2026-01-17,305.69560765903867,23.020471868101836,239.90028545003906,5.951418451084309,177.71414160238174,5.8564780062501125,26097200.8296885,4990807.495449224,316.13778752543834,239.22207627704688,179.0194940458254,27707103.96765383
2026-01-18,304.5343000692368,22.81915722815042,242.41567776408647,5.992776567545506,176.90525149112088,5.930101892812049,26324850.88122756,5018438.58859881,314.89791478576376,241.62090946847061,178.27636715498377,27990979.585395318
2026-01-19,307.38883624097133,22.627795031869404,242.52605551327483,5.982711720973683,177.8084004560624,5.864990631089357,26081473.759814452,5010644.312555333,317.4716785313341,241.72869910858338,179.11325370450052,27679528.028473027
2026-01-20,304.05307682374706,22.819208130850704,240.14563048947883,5.974185235492774,178.13686591176972,5.863633310622348,26385786.96464234,4983525.436417045,314.4417810426526,239.4520682689664,179.42697693414,28082461.974187948
2026-01-21,303.1188958001575,22.83759156518811,239.05813924191756,5.971706153988086,175.68177521532135,5.90681497851392,26218498.47833109,5033180.865121111,313.56893265584256,238.41169392883148,177.09592320384672,27848232.6368599
2026-01-22,306.90844832028387,22.840895666261627,239.62873008422588,5.955396759041661,178.14153879121272,5.916450592347958,26186733.312401243,4973774.737440346,317.1634681727861,238.96130860221683,179.45358662403802,27828967.954376407
2026-01-23,308.1254430302495,22.811746167251066,240.90238426226472,5.924940645359188,177.7148786765778,5.932803132877996,26113992.703267362,5026371.433943339,318.2969708540429,240.18687516950322,179.05219111030976,27715764.001860697
2026-01-24,307.85637776091244,22.770067986343758,237.802332199851,5.962275489871463,178.38125329827722,5.856162236481919,26179465.077327956,5049667.057203091,318.0131313310979,237.21169316633802,179.65768747872184,27791785.23036172
2026-01-25,304.53841919046823,22.940366891298762,241.3210126833924,5.885576064033709,176.418275390524,5.904298403912196,26293090.617259108,4967037.442426966,314.9855265045954,240.59594116552336,177.7995885284668,27968789.335982032
2026-01-26,308.98122110693635,23.039168085000686,241.0339619040449,5.910471871522509,176.67366885517845,5.9197170641085055,26185630.997870035,5044158.408510082,319.26525074556173,240.315893112416,178.05042450590958,27801765.722699694
2026-01-27,308.69104311801976,22.86026737269079,238.72143864794728,5.9666593633986995,178.3370215803274,5.929565076067788,26058993.024551827,5016717.0358468015,318.8666322159766,238.0904914294252,179.6461312758571,27648271.379127484
2026-01-28,303.21160011600665,22.708337158289957,242.5038086657177,5.913839875969259,177.71249266692053,5.892023991905778,26086759.25014186,5015699.253260269,313.56754769274255,241.72205326183834,179.03281541698448,27684502.48944493
2026-01-29,303.1223557511732,22.93368917750954,242.41190636740467,5.899713657335045,175.52383657738767,5.876455334071537,26230396.29183831,4980760.64226765,313.6385772112126,241.63709260223757,176.93207433511432,27882797.30131564
2026-01-30,304.20888028470836,22.64862288356141,238.47274109476646,5.957411849404194,176.88124801263604,5.933698974357672,26266124.58178276,4978433.853251732,314.47166707536513,237.8544152224982,178.2549071502635,27929790.35371432
2026-01-31,308.9857641852374,22.852073437388675,241.9877118827385,5.967944012317914,176.84376936980374,5.941230828503465,25942612.02644527,5039571.70181749,319.14035025218624,241.2165597228063,178.2222027013354,27489601.892478537
2026-02-01,308.66402381724447,22.60993192212454,239.3921942418834,5.931049799522016,176.20149221427548,5.9568264539437745,26240254.650352158,5027352.495910261,318.66813868143583,238.7400844864548,177.6141767721562,27878464.061330415
2026-02-02,308.16090474147387,22.77971168354448,242.1519391235053,5.888665293014334,178.41380337949283,5.870023636482712,26034350.82613323,5038377.831005092,318.3084633659751,241.39061252532133,179.69464304936886,27608514.06220899
2026-02-03,305.40103690417413,22.587272035225816,238.29851685256153,5.943972046951741,176.10633257349784,5.886361004236039,26368662.742807306,5048128.441333868,315.55938667151673,237.6905134168261,177.49358757286726,28036685.67623579
2026-02-04,304.8752496919859,22.93179280560061,242.32852945510945,5.8779258877151195,178.53639630129186,5.9253683359435705,26207848.334665522,4990543.766770305,315.29889906378514,241.5619215757388,179.83514389614967,27850094.870798163
2026-02-05,303.19216324206855,22.66390756253951,239.48330843546265,5.943131944039009,176.962318134044,5.865099933576648,25995904.959451284,5008184.514079575,313.5184398230622,238.8247255459564,178.30372569709436,27569922.215442885
2026-02-06,307.6828690680996,22.837045285314392,242.23272192177782,5.935050023322585,178.55838559387942,5.863250970273294,26047885.372874975,5033655.816487933,317.8949105096902,241.45806920212996,179.83014775944838,27627722.56099682
2026-02-07,303.2661174634131,22.874949575568742,238.92282702902313,5.87765427716893,175.81023227181032,5.86433680333851,26122002.238432337,4989545.869111384,313.73428872583696,238.3021819761056,177.2010325381047,27739595.51304004
2026-02-08,306.70614626700683,22.868900832931317,238.58025400343223,5.967655529779506,176.89632613697435,5.908692969729172,26121899.358407438,5011759.857693657,316.9910390391845,237.95514346442312,178.2588533470957,27731326.57397141
2026-02-09,303.3199474071352,22.874968748014975,240.27751111642468,5.895728214027553,177.73285462100046,5.913938545320999,26078399.852772612,4962399.640653195,313.78532931428794,239.59498547018867,179.06148427060572,27693228.321610376
2026-02-10,308.9266678681369,22.924056143631564,242.05875764432167,5.921967493870017,176.8131109245879,5.9494819288562395,26280784.903161276,5051312.624152974,319.134041774627,241.29434023783062,178.19632563127078,27922030.72421425
2026-02-11,305.8032948597183,22.588506578628436,238.59020670240912,5.986821065039955,176.67162862752738,5.92656820453719,25936927.40987957,5043245.894380318,315.94155408952145,237.96059358003316,178.0513439803233,27480914.860319708
2026-02-12,304.087441922883,22.866109728240186,240.18785277430857,5.894942923257643,175.77163718396014,5.890693136726289,26335304.853810452,5029991.774008171,314.5067470736431,239.5093352354549,177.17515012846502,28000248.77549913
2026-02-13,304.86536072657333,22.926892139437168,240.35684658288514,5.968046046430734,177.6735363340994,5.930876615515451,25939396.46893105,4992717.415321512,315.28614056990415,239.65554127434405,179.01182518952274,27502610.011579465
2026-02-14,304.4131471488005,22.675136861437597,239.6197729624954,5.965479114862346,178.8889746772041,5.8999871376915065,26401511.438309226,5007532.832401792,314.6836094931497,238.95059086397933,180.16186992652067,28093976.21750431
2026-02-15,306.3273036146328,22.814198272196,241.91327421189456,5.9698916551968555,178.11632470315854,5.924027153952582,26270072.614790086,4958578.872374629,316.5941429693026,241.14489683420348,179.43263625285257,27942161.05850322
2026-02-16,307.19139993425716,22.68925017851201,242.50191973530858,5.984895365642016,176.12367258214982,5.905144011597747,26328312.46149743,5027482.500683758,317.3269622774509,241.7051329156336,177.51805228579735,27992137.58381053
2026-02-17,307.64086842428446,23.01001172963758,238.38250082516748,5.9442108537329545,177.3282171262855,5.951487651602438,26311698.17701337,5049360.228553306,317.9745467259782,237.77084860818684,178.69004567287163,27962668.36044321
2026-02-18,306.63706910870997,23.02745758937016,238.32508237020062,5.987934426828209,177.01029994802403,5.855061439238561,26181266.081996236,5010520.027489328,317.03505715915037,237.7065907515068,178.34542944261767,27808449.071649473
2026-02-19,304.29180352004374,22.637751132933506,241.6279687682352,5.884950541858315,178.4877965670225,5.953618374404698,26114964.70510084,5040783.929233595,314.5427650047228,240.88987986033902,179.80048229056825,27711740.573358335
2026-02-20,303.21825063031713,22.77735376836545,242.55818693923706,5.898494741435384,178.4442560252213,5.9489054814471665,26379184.802872855,5004654.907281966,313.6215146337455,241.7773655530759,179.75684510923642,28066196.83505086
2026-02-21,304.62598528855494,22.804051113361837,239.6235558434784,5.984564937822454,176.17567901958034,5.917689819154007,26171338.986458022,5014581.473012355,314.9743942761553,238.95015243873726,177.5730732371708,27794141.309162118
2026-02-22,307.0000489419167,22.62803123599525,239.62730728142307,5.87724714248373,177.00170394883085,5.942372170250741,26376432.918644566,5025340.138500007,317.103296129319,238.9765678992281,178.37380078945864,28055066.79459627
2026-02-23,307.39734715296527,22.731254697265587,239.88486609504804,5.992471657592807,175.70722629013693,5.88268923150602,26151029.11437729,4987672.009629119,317.55119528836144,239.19858616339522,177.11016371909878,27777768.22016433
2026-02-24,309.0740334089973,22.656160013699935,240.4167130606515,5.960982648488438,178.19724143257463,5.932974173068276,26365730.95814654,4968356.448411327,319.08872657417044,239.71434525758846,179.5138115777178,28062116.680451494
2026-02-25,307.7059520023058,22.87230559485157,239.59600883715254,5.942843913092765,178.15502659001564,5.928223003352944,26258510.7496992,5024533.722249216,317.9411423281316,238.93265896414684,179.47142684786817,27903073.069728173
2026-02-26,305.8863172665374,22.70493361884116,242.33036198689715,5.89233041715172,175.4348793842264,5.918230143903535,25993466.291170735,4979236.354964894,316.1006582167301,241.56061199153976,176.86446562616194,27577375.355736133
2026-02-27,307.49310944097147,22.85131591464954,239.83184312863256,5.950399257622116,177.323703352081,5.901000418085055,25928651.10356095,4954461.848029267,317.72488576172714,239.1567828862728,178.6645648661286,27502744.49693905
2026-02-28,303.5486404940015,22.943498208579797,240.17969519731346,5.93809967088714,178.19484331980453,5.915180067217144,25902279.693523712,4958842.923389696,314.0494420059899,239.4923484062811,179.504058516613,27467082.866729423
